end,orbits,exceptions,exception_fraction
1000001,500000,0,0
2000001,1000000,2,2e-06
3000001,1500000,2,1.33333333333e-06
4000001,2000000,3,1.5e-06
5000001,2500000,3,1.2e-06
6000001,3000000,5,1.66666666667e-06
7000001,3500000,8,2.28571428571e-06
8000001,4000000,11,2.75e-06
9000001,4500000,14,3.11111111111e-06
10000000,5000000,17,3.4e-06
